Workbook

Sheet Cost
B1: ALD Field Leak Sheet · Cost Inputs
B2: Blue on yellow = input. Edit only these cells. Basis for each value is in column F.
C3: This is for the year | D3: 2026
H4: Gas | I4: $/1000 cf
B5: Cubic Feet = | D5: 1000 | H5: Air | I5: =Cost!$D$7 -> 0.4277
B6: Electricity | C6: Cost = | D6: 0.13 | E6: Per kWh | F6: INPUT REQUIRED. Use the plant's blended $/kWh from 12 months of bills. 0.13 is a placeholder and is flagged on the Leak Log until changed. | H6: Open Blow | I6: =Cost!$D$7 -> 0.4277
B7: Air | C7: Cost = | D7: =$D$13*$D$6 -> 0.4277 | E7: =_xlfn.CONCAT("Per ",$D$5," Cubic Feet") -> Per 1000 Cubic Feet | F7: Calc: kWh per 1000 cf (D13) x electricity rate. | H7: Carbon Dioxide | I7: =Cost!$D$8 -> 0.01
B8: Carbon Dioxide | C8: Cost = | D8: 0.01 | E8: =_xlfn.CONCAT("Per ",$D$5," Cubic Feet") -> Per 1000 Cubic Feet | F8: Carried from ALD template 2023-2025. Source not documented: confirm with the plant's gas supplier invoice before quoting savings on this gas. | H8: Argon | I8: =Cost!$D$9 -> 22.8
B9: Argon | C9: Cost = | D9: 22.8 | E9: =_xlfn.CONCAT("Per ",$D$5," Cubic Feet") -> Per 1000 Cubic Feet | F9: Carried from ALD template 2023-2025. Source not documented: confirm with the plant's gas supplier invoice before quoting savings on this gas. | H9: Helium | I9: =Cost!$D$10 -> 99.95
B10: Helium | C10: Cost = | D10: 99.95 | E10: =_xlfn.CONCAT("Per ",$D$5," Cubic Feet") -> Per 1000 Cubic Feet | F10: Carried from ALD template 2023-2025. Source not documented: confirm with the plant's gas supplier invoice before quoting savings on this gas. | H10: Hydrogen | I10: =Cost!$D$11 -> 11.77
B11: Hydrogen | C11: Cost = | D11: 11.77 | E11: =_xlfn.CONCAT("Per ",$D$5," Cubic Feet") -> Per 1000 Cubic Feet | F11: Carried from ALD template 2023-2025. Source not documented: confirm with the plant's gas supplier invoice before quoting savings on this gas. | H11: Nitrogen | I11: =Cost!$D$12 -> 3.8
B12: Nitrogen | C12: Cost = | D12: 3.8 | E12: =_xlfn.CONCAT("Per ",$D$5," Cubic Feet") -> Per 1000 Cubic Feet | F12: Carried from ALD template 2023-2025. Source not documented: confirm with the plant's gas supplier invoice before quoting savings on this gas.
B13: kWh per 1000 cf of air | D13: 3.29 | F13: ALD template factor (3.29 kWh/1000 cf = 0.197 kW/CFM, DOE Sourcebook planning value at about 100 psi). Replace with the system's measured specific power when known.
B15: Operational Times
B16: Hours Per Day | D16: 24 | F16: ALD default 24/7. Leaks bleed whenever the header is pressurized, so use pressurized hours, not production hours.
B17: Days Per Year | D17: 365
B19: Plant kW per leak CFM | D19: =$D$13*60/1000 -> 0.1974 | F19: Calc. Used for kW and bhp.

Sheet Leak Log
A3: Company name here | K3: =_xlfn.CONCAT("Survey year ",Cost!$D$3) -> Survey year 2026 | O3: Total Cost Avoidance
A4: Air CFM and Cost | C4: Carbon Dioxide CFM and Cost | E4: Argon CFM and Cost | G4: Helium CFM and Cost | I4: Hydrogen CFM and Cost | K4: Nitrogen CFM and Cost | M4: All Leaks Identified | O4: % of Leaks Repaired | P4: Annual Savings (repaired)
A5: CFM | B5: Cost | C5: CFM | D5: Cost | E5: CFM | F5: Cost | G5: CFM | H5: Cost | I5: CFM | J5: Cost | K5: CFM | L5: Cost | M5: CFM | N5: Cost | P5: CFM | Q5: Cost
A6: =SUMIFS($O$8:$O$500,$B$8:$B$500,"Air") -> 1.639414 | B6: =SUMIFS($N$8:$N$500,$B$8:$B$500,"Air") -> 368.53883 | C6: =SUMIFS($O$8:$O$500,$B$8:$B$500,"Carbon Dioxide") -> 0 | D6: =SUMIFS($N$8:$N$500,$B$8:$B$500,"Carbon Dioxide") -> 0 | E6: =SUMIFS($O$8:$O$500,$B$8:$B$500,"Argon") -> 0 | F6: =SUMIFS($N$8:$N$500,$B$8:$B$500,"Argon") -> 0 | G6: =SUMIFS($O$8:$O$500,$B$8:$B$500,"Helium") -> 0 | H6: =SUMIFS($N$8:$N$500,$B$8:$B$500,"Helium") -> 0 | I6: =SUMIFS($O$8:$O$500,$B$8:$B$500,"Hydrogen") -> 0 | J6: =SUMIFS($N$8:$N$500,$B$8:$B$500,"Hydrogen") -> 0 | K6: =SUMIFS($O$8:$O$500,$B$8:$B$500,"Nitrogen") -> 0 | L6: =SUMIFS($N$8:$N$500,$B$8:$B$500,"Nitrogen") -> 0 | M6: =SUM($O$8:$O$500)-SUMIFS($O$8:$O$500,$B$8:$B$500,"Open Blow") -> 1.639414 | N6: =SUM($N$8:$N$500)-SUMIFS($N$8:$N$500,$B$8:$B$500,"Open Blow") -> 368.53883 | O6: =IFERROR(COUNTIFS($M$8:$M$500,"Y",$D$8:$D$500,">0",$B$8:$B$500,"<>Open Blow")/COUNTIFS($D$8:$D$500,">0",$B$8:$B$500,"<>Open Blow"),0) -> 0 | P6: =SUMIFS($O$8:$O$500,$M$8:$M$500,"Y",$B$8:$B$500,"<>Open Blow") -> 0 | Q6: =SUMIFS($N$8:$N$500,$M$8:$M$500,"Y",$B$8:$B$500,"<>Open Blow") -> 0
A7: Record Number | B7: Type of Gas | C7: Pressure at Leak (psi) | D7: dB Reading | E7: Problem Location | I7: Problem Description | M7: Repaired (Y/N) | N7: Identified Leaks Cost Avoidance | O7: Size of Leak CFM | P7: Energy Avoidance (kWh) | Q7: Unrepaired from Previous Audit (ft³/min) | S7: Leaks Identified Summary | U7: CFM basis / check
A8: 1 | B8: Air | C8: 100 | D8: 30 | E8: EXAMPLE · Line 3 filler, FRL inlet | I8: EXAMPLE · Push-to-connect fitting leaking | M8: N | N8: =IF($O8=0,0,$O8*60*Cost!$D$16*Cost!$D$17*IFERROR(INDEX(Cost!$I$5:$I$11,MATCH($B8,Cost!$H$5:$H$11,0)),0)/Cost!$D$5) -> 368.53883 | O8: =IF($W8="",0,IF(INDEX('Flow Curves'!$A$5:$A$11,$X8)=INDEX('Flow Curves'!$A$5:$A$11,$W8),$Y8,$Y8+($Z8-$Y8)*(MAX(10,MIN(150,$C8))-INDEX('Flow Curves'!$A$5:$A$11,$W8))/(INDEX('Flow Curves'!$A$5:$A$11,$X8)-INDEX('Flow Curves'!$A$5:$A$11,$W8)))) -> 1.639414 | P8: =IF(OR($B8="Air",$B8="Open Blow"),$O8*60*Cost!$D$16*Cost!$D$17/Cost!$D$5*Cost!$D$13,0) -> 2834.914 | S8: =SUMIFS($P$8:$P$500,$B$8:$B$500,"Air") -> 2834.914 | T8: kWh | U8: =IF($D8="","",IF(ISNA(MATCH($B8,Cost!$H$5:$H$11,0)),"CHECK GAS TYPE",IF(OR($C8<10,$C8>150),"CHECK PRESSURE: outside 10-150 psi table",IF(OR($D8<1,$D8>120),"CHECK dB: outside 1-120 table",IF(ISNA(MATCH($C8,'Flow Curves'!$A$5:$A$11,0)),"INTERPOLATED between curves","Table curve"))))) -> Table curve | W8: =IF(OR($D8="",$C8=""),"",MATCH(MAX(10,MIN(150,$C8)),'Flow Curves'!$A$5:$A$11,1)) -> 5 | X8: =IF($W8="","",MIN($W8+1,7)) -> 6 | Y8: =IF($W8="","",INDEX('Flow Curves'!$B$5:$B$11,$W8)*POWER($D8,INDEX('Flow Curves'!$C$5:$C$11,$W8))) -> 1.639414 | Z8: =IF($W8="","",INDEX('Flow Curves'!$B$5:$B$11,$X8)*POWER($D8,INDEX('Flow Curves'!$C$5:$C$11,$X8))) -> 1.9064471
A9: 2 | N9: =IF($O9=0,0,$O9*60*Cost!$D$16*Cost!$D$17*IFERROR(INDEX(Cost!$I$5:$I$11,MATCH($B9,Cost!$H$5:$H$11,0)),0)/Cost!$D$5) -> 0 | O9: =IF($W9="",0,IF(INDEX('Flow Curves'!$A$5:$A$11,$X9)=INDEX('Flow Curves'!$A$5:$A$11,$W9),$Y9,$Y9+($Z9-$Y9)*(MAX(10,MIN(150,$C9))-INDEX('Flow Curves'!$A$5:$A$11,$W9))/(INDEX('Flow Curves'!$A$5:$A$11,$X9)-INDEX('Flow Curves'!$A$5:$A$11,$W9)))) -> 0 | P9: =IF(OR($B9="Air",$B9="Open Blow"),$O9*60*Cost!$D$16*Cost!$D$17/Cost!$D$5*Cost!$D$13,0) -> 0 | S9: =S8/(Cost!$D$16*Cost!$D$17) -> 0.32362032 | T9: kW | U9: =IF($D9="","",IF(ISNA(MATCH($B9,Cost!$H$5:$H$11,0)),"CHECK GAS TYPE",IF(OR($C9<10,$C9>150),"CHECK PRESSURE: outside 10-150 psi table",IF(OR($D9<1,$D9>120),"CHECK dB: outside 1-120 table",IF(ISNA(MATCH($C9,'Flow Curves'!$A$5:$A$11,0)),"INTERPOLATED between curves","Table curve"))))) | W9: =IF(OR($D9="",$C9=""),"",MATCH(MAX(10,MIN(150,$C9)),'Flow Curves'!$A$5:$A$11,1)) | X9: =IF($W9="","",MIN($W9+1,7)) | Y9: =IF($W9="","",INDEX('Flow Curves'!$B$5:$B$11,$W9)*POWER($D9,INDEX('Flow Curves'!$C$5:$C$11,$W9))) | Z9: =IF($W9="","",INDEX('Flow Curves'!$B$5:$B$11,$X9)*POWER($D9,INDEX('Flow Curves'!$C$5:$C$11,$X9)))
A10: 3 | N10: =IF($O10=0,0,$O10*60*Cost!$D$16*Cost!$D$17*IFERROR(INDEX(Cost!$I$5:$I$11,MATCH($B10,Cost!$H$5:$H$11,0)),0)/Cost!$D$5) -> 0 | O10: =IF($W10="",0,IF(INDEX('Flow Curves'!$A$5:$A$11,$X10)=INDEX('Flow Curves'!$A$5:$A$11,$W10),$Y10,$Y10+($Z10-$Y10)*(MAX(10,MIN(150,$C10))-INDEX('Flow Curves'!$A$5:$A$11,$W10))/(INDEX('Flow Curves'!$A$5:$A$11,$X10)-INDEX('Flow Curves'!$A$5:$A$11,$W10)))) -> 0 | P10: =IF(OR($B10="Air",$B10="Open Blow"),$O10*60*Cost!$D$16*Cost!$D$17/Cost!$D$5*Cost!$D$13,0) -> 0 | S10: =S9/0.746 -> 0.43380741 | T10: bhp | U10: =IF($D10="","",IF(ISNA(MATCH($B10,Cost!$H$5:$H$11,0)),"CHECK GAS TYPE",IF(OR($C10<10,$C10>150),"CHECK PRESSURE: outside 10-150 psi table",IF(OR($D10<1,$D10>120),"CHECK dB: outside 1-120 table",IF(ISNA(MATCH($C10,'Flow Curves'!$A$5:$A$11,0)),"INTERPOLATED between curves","Table curve"))))) | W10: =IF(OR($D10="",$C10=""),"",MATCH(MAX(10,MIN(150,$C10)),'Flow Curves'!$A$5:$A$11,1)) | X10: =IF($W10="","",MIN($W10+1,7)) | Y10: =IF($W10="","",INDEX('Flow Curves'!$B$5:$B$11,$W10)*POWER($D10,INDEX('Flow Curves'!$C$5:$C$11,$W10))) | Z10: =IF($W10="","",INDEX('Flow Curves'!$B$5:$B$11,$X10)*POWER($D10,INDEX('Flow Curves'!$C$5:$C$11,$X10)))
A11: 4 | N11: =IF($O11=0,0,$O11*60*Cost!$D$16*Cost!$D$17*IFERROR(INDEX(Cost!$I$5:$I$11,MATCH($B11,Cost!$H$5:$H$11,0)),0)/Cost!$D$5) -> 0 | O11: =IF($W11="",0,IF(INDEX('Flow Curves'!$A$5:$A$11,$X11)=INDEX('Flow Curves'!$A$5:$A$11,$W11),$Y11,$Y11+($Z11-$Y11)*(MAX(10,MIN(150,$C11))-INDEX('Flow Curves'!$A$5:$A$11,$W11))/(INDEX('Flow Curves'!$A$5:$A$11,$X11)-INDEX('Flow Curves'!$A$5:$A$11,$W11)))) -> 0 | P11: =IF(OR($B11="Air",$B11="Open Blow"),$O11*60*Cost!$D$16*Cost!$D$17/Cost!$D$5*Cost!$D$13,0) -> 0 | U11: =IF($D11="","",IF(ISNA(MATCH($B11,Cost!$H$5:$H$11,0)),"CHECK GAS TYPE",IF(OR($C11<10,$C11>150),"CHECK PRESSURE: outside 10-150 psi table",IF(OR($D11<1,$D11>120),"CHECK dB: outside 1-120 table",IF(ISNA(MATCH($C11,'Flow Curves'!$A$5:$A$11,0)),"INTERPOLATED between curves","Table curve"))))) | W11: =IF(OR($D11="",$C11=""),"",MATCH(MAX(10,MIN(150,$C11)),'Flow Curves'!$A$5:$A$11,1)) | X11: =IF($W11="","",MIN($W11+1,7)) | Y11: =IF($W11="","",INDEX('Flow Curves'!$B$5:$B$11,$W11)*POWER($D11,INDEX('Flow Curves'!$C$5:$C$11,$W11))) | Z11: =IF($W11="","",INDEX('Flow Curves'!$B$5:$B$11,$X11)*POWER($D11,INDEX('Flow Curves'!$C$5:$C$11,$X11)))
A12: 5 | N12: =IF($O12=0,0,$O12*60*Cost!$D$16*Cost!$D$17*IFERROR(INDEX(Cost!$I$5:$I$11,MATCH($B12,Cost!$H$5:$H$11,0)),0)/Cost!$D$5) -> 0 | O12: =IF($W12="",0,IF(INDEX('Flow Curves'!$A$5:$A$11,$X12)=INDEX('Flow Curves'!$A$5:$A$11,$W12),$Y12,$Y12+($Z12-$Y12)*(MAX(10,MIN(150,$C12))-INDEX('Flow Curves'!$A$5:$A$11,$W12))/(INDEX('Flow Curves'!$A$5:$A$11,$X12)-INDEX('Flow Curves'!$A$5:$A$11,$W12)))) -> 0 | P12: =IF(OR($B12="Air",$B12="Open Blow"),$O12*60*Cost!$D$16*Cost!$D$17/Cost!$D$5*Cost!$D$13,0) -> 0 | S12: Leaks Repaired Summary | U12: =IF($D12="","",IF(ISNA(MATCH($B12,Cost!$H$5:$H$11,0)),"CHECK GAS TYPE",IF(OR($C12<10,$C12>150),"CHECK PRESSURE: outside 10-150 psi table",IF(OR($D12<1,$D12>120),"CHECK dB: outside 1-120 table",IF(ISNA(MATCH($C12,'Flow Curves'!$A$5:$A$11,0)),"INTERPOLATED between curves","Table curve"))))) | W12: =IF(OR($D12="",$C12=""),"",MATCH(MAX(10,MIN(150,$C12)),'Flow Curves'!$A$5:$A$11,1)) | X12: =IF($W12="","",MIN($W12+1,7)) | Y12: =IF($W12="","",INDEX('Flow Curves'!$B$5:$B$11,$W12)*POWER($D12,INDEX('Flow Curves'!$C$5:$C$11,$W12))) | Z12: =IF($W12="","",INDEX('Flow Curves'!$B$5:$B$11,$X12)*POWER($D12,INDEX('Flow Curves'!$C$5:$C$11,$X12)))
A13: 6 | N13: =IF($O13=0,0,$O13*60*Cost!$D$16*Cost!$D$17*IFERROR(INDEX(Cost!$I$5:$I$11,MATCH($B13,Cost!$H$5:$H$11,0)),0)/Cost!$D$5) -> 0 | O13: =IF($W13="",0,IF(INDEX('Flow Curves'!$A$5:$A$11,$X13)=INDEX('Flow Curves'!$A$5:$A$11,$W13),$Y13,$Y13+($Z13-$Y13)*(MAX(10,MIN(150,$C13))-INDEX('Flow Curves'!$A$5:$A$11,$W13))/(INDEX('Flow Curves'!$A$5:$A$11,$X13)-INDEX('Flow Curves'!$A$5:$A$11,$W13)))) -> 0 | P13: =IF(OR($B13="Air",$B13="Open Blow"),$O13*60*Cost!$D$16*Cost!$D$17/Cost!$D$5*Cost!$D$13,0) -> 0 | S13: =SUMIFS($P$8:$P$500,$B$8:$B$500,"Air",$M$8:$M$500,"Y") -> 0 | T13: kWh | U13: =IF($D13="","",IF(ISNA(MATCH($B13,Cost!$H$5:$H$11,0)),"CHECK GAS TYPE",IF(OR($C13<10,$C13>150),"CHECK PRESSURE: outside 10-150 psi table",IF(OR($D13<1,$D13>120),"CHECK dB: outside 1-120 table",IF(ISNA(MATCH($C13,'Flow Curves'!$A$5:$A$11,0)),"INTERPOLATED between curves","Table curve"))))) | W13: =IF(OR($D13="",$C13=""),"",MATCH(MAX(10,MIN(150,$C13)),'Flow Curves'!$A$5:$A$11,1)) | X13: =IF($W13="","",MIN($W13+1,7)) | Y13: =IF($W13="","",INDEX('Flow Curves'!$B$5:$B$11,$W13)*POWER($D13,INDEX('Flow Curves'!$C$5:$C$11,$W13))) | Z13: =IF($W13="","",INDEX('Flow Curves'!$B$5:$B$11,$X13)*POWER($D13,INDEX('Flow Curves'!$C$5:$C$11,$X13)))
A14: 7 | N14: =IF($O14=0,0,$O14*60*Cost!$D$16*Cost!$D$17*IFERROR(INDEX(Cost!$I$5:$I$11,MATCH($B14,Cost!$H$5:$H$11,0)),0)/Cost!$D$5) -> 0 | O14: =IF($W14="",0,IF(INDEX('Flow Curves'!$A$5:$A$11,$X14)=INDEX('Flow Curves'!$A$5:$A$11,$W14),$Y14,$Y14+($Z14-$Y14)*(MAX(10,MIN(150,$C14))-INDEX('Flow Curves'!$A$5:$A$11,$W14))/(INDEX('Flow Curves'!$A$5:$A$11,$X14)-INDEX('Flow Curves'!$A$5:$A$11,$W14)))) -> 0 | P14: =IF(OR($B14="Air",$B14="Open Blow"),$O14*60*Cost!$D$16*Cost!$D$17/Cost!$D$5*Cost!$D$13,0) -> 0 | S14: =S13/(Cost!$D$16*Cost!$D$17) -> 0 | T14: kW | U14: =IF($D14="","",IF(ISNA(MATCH($B14,Cost!$H$5:$H$11,0)),"CHECK GAS TYPE",IF(OR($C14<10,$C14>150),"CHECK PRESSURE: outside 10-150 psi table",IF(OR($D14<1,$D14>120),"CHECK dB: outside 1-120 table",IF(ISNA(MATCH($C14,'Flow Curves'!$A$5:$A$11,0)),"INTERPOLATED between curves","Table curve"))))) | W14: =IF(OR($D14="",$C14=""),"",MATCH(MAX(10,MIN(150,$C14)),'Flow Curves'!$A$5:$A$11,1)) | X14: =IF($W14="","",MIN($W14+1,7)) | Y14: =IF($W14="","",INDEX('Flow Curves'!$B$5:$B$11,$W14)*POWER($D14,INDEX('Flow Curves'!$C$5:$C$11,$W14))) | Z14: =IF($W14="","",INDEX('Flow Curves'!$B$5:$B$11,$X14)*POWER($D14,INDEX('Flow Curves'!$C$5:$C$11,$X14)))
A15: 8 | N15: =IF($O15=0,0,$O15*60*Cost!$D$16*Cost!$D$17*IFERROR(INDEX(Cost!$I$5:$I$11,MATCH($B15,Cost!$H$5:$H$11,0)),0)/Cost!$D$5) -> 0 | O15: =IF($W15="",0,IF(INDEX('Flow Curves'!$A$5:$A$11,$X15)=INDEX('Flow Curves'!$A$5:$A$11,$W15),$Y15,$Y15+($Z15-$Y15)*(MAX(10,MIN(150,$C15))-INDEX('Flow Curves'!$A$5:$A$11,$W15))/(INDEX('Flow Curves'!$A$5:$A$11,$X15)-INDEX('Flow Curves'!$A$5:$A$11,$W15)))) -> 0 | P15: =IF(OR($B15="Air",$B15="Open Blow"),$O15*60*Cost!$D$16*Cost!$D$17/Cost!$D$5*Cost!$D$13,0) -> 0 | S15: =S14/0.746 -> 0 | T15: bhp | U15: =IF($D15="","",IF(ISNA(MATCH($B15,Cost!$H$5:$H$11,0)),"CHECK GAS TYPE",IF(OR($C15<10,$C15>150),"CHECK PRESSURE: outside 10-150 psi table",IF(OR($D15<1,$D15>120),"CHECK dB: outside 1-120 table",IF(ISNA(MATCH($C15,'Flow Curves'!$A$5:$A$11,0)),"INTERPOLATED between curves","Table curve"))))) | W15: =IF(OR($D15="",$C15=""),"",MATCH(MAX(10,MIN(150,$C15)),'Flow Curves'!$A$5:$A$11,1)) | X15: =IF($W15="","",MIN($W15+1,7)) | Y15: =IF($W15="","",INDEX('Flow Curves'!$B$5:$B$11,$W15)*POWER($D15,INDEX('Flow Curves'!$C$5:$C$11,$W15))) | Z15: =IF($W15="","",INDEX('Flow Curves'!$B$5:$B$11,$X15)*POWER($D15,INDEX('Flow Curves'!$C$5:$C$11,$X15)))
A16: 9 | N16: =IF($O16=0,0,$O16*60*Cost!$D$16*Cost!$D$17*IFERROR(INDEX(Cost!$I$5:$I$11,MATCH($B16,Cost!$H$5:$H$11,0)),0)/Cost!$D$5) -> 0 | O16: =IF($W16="",0,IF(INDEX('Flow Curves'!$A$5:$A$11,$X16)=INDEX('Flow Curves'!$A$5:$A$11,$W16),$Y16,$Y16+($Z16-$Y16)*(MAX(10,MIN(150,$C16))-INDEX('Flow Curves'!$A$5:$A$11,$W16))/(INDEX('Flow Curves'!$A$5:$A$11,$X16)-INDEX('Flow Curves'!$A$5:$A$11,$W16)))) -> 0 | P16: =IF(OR($B16="Air",$B16="Open Blow"),$O16*60*Cost!$D$16*Cost!$D$17/Cost!$D$5*Cost!$D$13,0) -> 0 | U16: =IF($D16="","",IF(ISNA(MATCH($B16,Cost!$H$5:$H$11,0)),"CHECK GAS TYPE",IF(OR($C16<10,$C16>150),"CHECK PRESSURE: outside 10-150 psi table",IF(OR($D16<1,$D16>120),"CHECK dB: outside 1-120 table",IF(ISNA(MATCH($C16,'Flow Curves'!$A$5:$A$11,0)),"INTERPOLATED between curves","Table curve"))))) | W16: =IF(OR($D16="",$C16=""),"",MATCH(MAX(10,MIN(150,$C16)),'Flow Curves'!$A$5:$A$11,1)) | X16: =IF($W16="","",MIN($W16+1,7)) | Y16: =IF($W16="","",INDEX('Flow Curves'!$B$5:$B$11,$W16)*POWER($D16,INDEX('Flow Curves'!$C$5:$C$11,$W16))) | Z16: =IF($W16="","",INDEX('Flow Curves'!$B$5:$B$11,$X16)*POWER($D16,INDEX('Flow Curves'!$C$5:$C$11,$X16)))
A17: 10 | N17: =IF($O17=0,0,$O17*60*Cost!$D$16*Cost!$D$17*IFERROR(INDEX(Cost!$I$5:$I$11,MATCH($B17,Cost!$H$5:$H$11,0)),0)/Cost!$D$5) -> 0 | O17: =IF($W17="",0,IF(INDEX('Flow Curves'!$A$5:$A$11,$X17)=INDEX('Flow Curves'!$A$5:$A$11,$W17),$Y17,$Y17+($Z17-$Y17)*(MAX(10,MIN(150,$C17))-INDEX('Flow Curves'!$A$5:$A$11,$W17))/(INDEX('Flow Curves'!$A$5:$A$11,$X17)-INDEX('Flow Curves'!$A$5:$A$11,$W17)))) -> 0 | P17: =IF(OR($B17="Air",$B17="Open Blow"),$O17*60*Cost!$D$16*Cost!$D$17/Cost!$D$5*Cost!$D$13,0) -> 0 | S17: Open Blows (excluded from leak totals) | U17: =IF($D17="","",IF(ISNA(MATCH($B17,Cost!$H$5:$H$11,0)),"CHECK GAS TYPE",IF(OR($C17<10,$C17>150),"CHECK PRESSURE: outside 10-150 psi table",IF(OR($D17<1,$D17>120),"CHECK dB: outside 1-120 table",IF(ISNA(MATCH($C17,'Flow Curves'!$A$5:$A$11,0)),"INTERPOLATED between curves","Table curve"))))) | W17: =IF(OR($D17="",$C17=""),"",MATCH(MAX(10,MIN(150,$C17)),'Flow Curves'!$A$5:$A$11,1)) | X17: =IF($W17="","",MIN($W17+1,7)) | Y17: =IF($W17="","",INDEX('Flow Curves'!$B$5:$B$11,$W17)*POWER($D17,INDEX('Flow Curves'!$C$5:$C$11,$W17))) | Z17: =IF($W17="","",INDEX('Flow Curves'!$B$5:$B$11,$X17)*POWER($D17,INDEX('Flow Curves'!$C$5:$C$11,$X17)))
A18: 11 | N18: =IF($O18=0,0,$O18*60*Cost!$D$16*Cost!$D$17*IFERROR(INDEX(Cost!$I$5:$I$11,MATCH($B18,Cost!$H$5:$H$11,0)),0)/Cost!$D$5) -> 0 | O18: =IF($W18="",0,IF(INDEX('Flow Curves'!$A$5:$A$11,$X18)=INDEX('Flow Curves'!$A$5:$A$11,$W18),$Y18,$Y18+($Z18-$Y18)*(MAX(10,MIN(150,$C18))-INDEX('Flow Curves'!$A$5:$A$11,$W18))/(INDEX('Flow Curves'!$A$5:$A$11,$X18)-INDEX('Flow Curves'!$A$5:$A$11,$W18)))) -> 0 | P18: =IF(OR($B18="Air",$B18="Open Blow"),$O18*60*Cost!$D$16*Cost!$D$17/Cost!$D$5*Cost!$D$13,0) -> 0 | S18: =SUMIFS($O$8:$O$500,$B$8:$B$500,"Open Blow") -> 0 | T18: CFM | U18: =IF($D18="","",IF(ISNA(MATCH($B18,Cost!$H$5:$H$11,0)),"CHECK GAS TYPE",IF(OR($C18<10,$C18>150),"CHECK PRESSURE: outside 10-150 psi table",IF(OR($D18<1,$D18>120),"CHECK dB: outside 1-120 table",IF(ISNA(MATCH($C18,'Flow Curves'!$A$5:$A$11,0)),"INTERPOLATED between curves","Table curve"))))) | W18: =IF(OR($D18="",$C18=""),"",MATCH(MAX(10,MIN(150,$C18)),'Flow Curves'!$A$5:$A$11,1)) | X18: =IF($W18="","",MIN($W18+1,7)) | Y18: =IF($W18="","",INDEX('Flow Curves'!$B$5:$B$11,$W18)*POWER($D18,INDEX('Flow Curves'!$C$5:$C$11,$W18))) | Z18: =IF($W18="","",INDEX('Flow Curves'!$B$5:$B$11,$X18)*POWER($D18,INDEX('Flow Curves'!$C$5:$C$11,$X18)))
A19: 12 | N19: =IF($O19=0,0,$O19*60*Cost!$D$16*Cost!$D$17*IFERROR(INDEX(Cost!$I$5:$I$11,MATCH($B19,Cost!$H$5:$H$11,0)),0)/Cost!$D$5) -> 0 | O19: =IF($W19="",0,IF(INDEX('Flow Curves'!$A$5:$A$11,$X19)=INDEX('Flow Curves'!$A$5:$A$11,$W19),$Y19,$Y19+($Z19-$Y19)*(MAX(10,MIN(150,$C19))-INDEX('Flow Curves'!$A$5:$A$11,$W19))/(INDEX('Flow Curves'!$A$5:$A$11,$X19)-INDEX('Flow Curves'!$A$5:$A$11,$W19)))) -> 0 | P19: =IF(OR($B19="Air",$B19="Open Blow"),$O19*60*Cost!$D$16*Cost!$D$17/Cost!$D$5*Cost!$D$13,0) -> 0 | S19: =SUMIFS($N$8:$N$500,$B$8:$B$500,"Open Blow") -> 0 | T19: $/yr | U19: =IF($D19="","",IF(ISNA(MATCH($B19,Cost!$H$5:$H$11,0)),"CHECK GAS TYPE",IF(OR($C19<10,$C19>150),"CHECK PRESSURE: outside 10-150 psi table",IF(OR($D19<1,$D19>120),"CHECK dB: outside 1-120 table",IF(ISNA(MATCH($C19,'Flow Curves'!$A$5:$A$11,0)),"INTERPOLATED between curves","Table curve"))))) | W19: =IF(OR($D19="",$C19=""),"",MATCH(MAX(10,MIN(150,$C19)),'Flow Curves'!$A$5:$A$11,1)) | X19: =IF($W19="","",MIN($W19+1,7)) | Y19: =IF($W19="","",INDEX('Flow Curves'!$B$5:$B$11,$W19)*POWER($D19,INDEX('Flow Curves'!$C$5:$C$11,$W19))) | Z19: =IF($W19="","",INDEX('Flow Curves'!$B$5:$B$11,$X19)*POWER($D19,INDEX('Flow Curves'!$C$5:$C$11,$X19)))
A20: 13 | N20: =IF($O20=0,0,$O20*60*Cost!$D$16*Cost!$D$17*IFERROR(INDEX(Cost!$I$5:$I$11,MATCH($B20,Cost!$H$5:$H$11,0)),0)/Cost!$D$5) -> 0 | O20: =IF($W20="",0,IF(INDEX('Flow Curves'!$A$5:$A$11,$X20)=INDEX('Flow Curves'!$A$5:$A$11,$W20),$Y20,$Y20+($Z20-$Y20)*(MAX(10,MIN(150,$C20))-INDEX('Flow Curves'!$A$5:$A$11,$W20))/(INDEX('Flow Curves'!$A$5:$A$11,$X20)-INDEX('Flow Curves'!$A$5:$A$11,$W20)))) -> 0 | P20: =IF(OR($B20="Air",$B20="Open Blow"),$O20*60*Cost!$D$16*Cost!$D$17/Cost!$D$5*Cost!$D$13,0) -> 0 | U20: =IF($D20="","",IF(ISNA(MATCH($B20,Cost!$H$5:$H$11,0)),"CHECK GAS TYPE",IF(OR($C20<10,$C20>150),"CHECK PRESSURE: outside 10-150 psi table",IF(OR($D20<1,$D20>120),"CHECK dB: outside 1-120 table",IF(ISNA(MATCH($C20,'Flow Curves'!$A$5:$A$11,0)),"INTERPOLATED between curves","Table curve"))))) | W20: =IF(OR($D20="",$C20=""),"",MATCH(MAX(10,MIN(150,$C20)),'Flow Curves'!$A$5:$A$11,1)) | X20: =IF($W20="","",MIN($W20+1,7)) | Y20: =IF($W20="","",INDEX('Flow Curves'!$B$5:$B$11,$W20)*POWER($D20,INDEX('Flow Curves'!$C$5:$C$11,$W20))) | Z20: =IF($W20="","",INDEX('Flow Curves'!$B$5:$B$11,$X20)*POWER($D20,INDEX('Flow Curves'!$C$5:$C$11,$X20)))
A21: 14 | N21: =IF($O21=0,0,$O21*60*Cost!$D$16*Cost!$D$17*IFERROR(INDEX(Cost!$I$5:$I$11,MATCH($B21,Cost!$H$5:$H$11,0)),0)/Cost!$D$5) -> 0 | O21: =IF($W21="",0,IF(INDEX('Flow Curves'!$A$5:$A$11,$X21)=INDEX('Flow Curves'!$A$5:$A$11,$W21),$Y21,$Y21+($Z21-$Y21)*(MAX(10,MIN(150,$C21))-INDEX('Flow Curves'!$A$5:$A$11,$W21))/(INDEX('Flow Curves'!$A$5:$A$11,$X21)-INDEX('Flow Curves'!$A$5:$A$11,$W21)))) -> 0 | P21: =IF(OR($B21="Air",$B21="Open Blow"),$O21*60*Cost!$D$16*Cost!$D$17/Cost!$D$5*Cost!$D$13,0) -> 0 | S21: Rows needing review | U21: =IF($D21="","",IF(ISNA(MATCH($B21,Cost!$H$5:$H$11,0)),"CHECK GAS TYPE",IF(OR($C21<10,$C21>150),"CHECK PRESSURE: outside 10-150 psi table",IF(OR($D21<1,$D21>120),"CHECK dB: outside 1-120 table",IF(ISNA(MATCH($C21,'Flow Curves'!$A$5:$A$11,0)),"INTERPOLATED between curves","Table curve"))))) | W21: =IF(OR($D21="",$C21=""),"",MATCH(MAX(10,MIN(150,$C21)),'Flow Curves'!$A$5:$A$11,1)) | X21: =IF($W21="","",MIN($W21+1,7)) | Y21: =IF($W21="","",INDEX('Flow Curves'!$B$5:$B$11,$W21)*POWER($D21,INDEX('Flow Curves'!$C$5:$C$11,$W21))) | Z21: =IF($W21="","",INDEX('Flow Curves'!$B$5:$B$11,$X21)*POWER($D21,INDEX('Flow Curves'!$C$5:$C$11,$X21)))
A22: 15 | N22: =IF($O22=0,0,$O22*60*Cost!$D$16*Cost!$D$17*IFERROR(INDEX(Cost!$I$5:$I$11,MATCH($B22,Cost!$H$5:$H$11,0)),0)/Cost!$D$5) -> 0 | O22: =IF($W22="",0,IF(INDEX('Flow Curves'!$A$5:$A$11,$X22)=INDEX('Flow Curves'!$A$5:$A$11,$W22),$Y22,$Y22+($Z22-$Y22)*(MAX(10,MIN(150,$C22))-INDEX('Flow Curves'!$A$5:$A$11,$W22))/(INDEX('Flow Curves'!$A$5:$A$11,$X22)-INDEX('Flow Curves'!$A$5:$A$11,$W22)))) -> 0 | P22: =IF(OR($B22="Air",$B22="Open Blow"),$O22*60*Cost!$D$16*Cost!$D$17/Cost!$D$5*Cost!$D$13,0) -> 0 | S22: =COUNTIF($U$8:$U$500,"CHECK*") -> 0 | T22: rows | U22: =IF($D22="","",IF(ISNA(MATCH($B22,Cost!$H$5:$H$11,0)),"CHECK GAS TYPE",IF(OR($C22<10,$C22>150),"CHECK PRESSURE: outside 10-150 psi table",IF(OR($D22<1,$D22>120),"CHECK dB: outside 1-120 table",IF(ISNA(MATCH($C22,'Flow Curves'!$A$5:$A$11,0)),"INTERPOLATED between curves","Table curve"))))) | W22: =IF(OR($D22="",$C22=""),"",MATCH(MAX(10,MIN(150,$C22)),'Flow Curves'!$A$5:$A$11,1)) | X22: =IF($W22="","",MIN($W22+1,7)) | Y22: =IF($W22="","",INDEX('Flow Curves'!$B$5:$B$11,$W22)*POWER($D22,INDEX('Flow Curves'!$C$5:$C$11,$W22))) | Z22: =IF($W22="","",INDEX('Flow Curves'!$B$5:$B$11,$X22)*POWER($D22,INDEX('Flow Curves'!$C$5:$C$11,$X22)))
A23: 16 | N23: =IF($O23=0,0,$O23*60*Cost!$D$16*Cost!$D$17*IFERROR(INDEX(Cost!$I$5:$I$11,MATCH($B23,Cost!$H$5:$H$11,0)),0)/Cost!$D$5) -> 0 | O23: =IF($W23="",0,IF(INDEX('Flow Curves'!$A$5:$A$11,$X23)=INDEX('Flow Curves'!$A$5:$A$11,$W23),$Y23,$Y23+($Z23-$Y23)*(MAX(10,MIN(150,$C23))-INDEX('Flow Curves'!$A$5:$A$11,$W23))/(INDEX('Flow Curves'!$A$5:$A$11,$X23)-INDEX('Flow Curves'!$A$5:$A$11,$W23)))) -> 0 | P23: =IF(OR($B23="Air",$B23="Open Blow"),$O23*60*Cost!$D$16*Cost!$D$17/Cost!$D$5*Cost!$D$13,0) -> 0 | S23: =COUNTIF($U$8:$U$500,"INTERPOLATED*") -> 0 | T23: interpolated | U23: =IF($D23="","",IF(ISNA(MATCH($B23,Cost!$H$5:$H$11,0)),"CHECK GAS TYPE",IF(OR($C23<10,$C23>150),"CHECK PRESSURE: outside 10-150 psi table",IF(OR($D23<1,$D23>120),"CHECK dB: outside 1-120 table",IF(ISNA(MATCH($C23,'Flow Curves'!$A$5:$A$11,0)),"INTERPOLATED between curves","Table curve"))))) | W23: =IF(OR($D23="",$C23=""),"",MATCH(MAX(10,MIN(150,$C23)),'Flow Curves'!$A$5:$A$11,1)) | X23: =IF($W23="","",MIN($W23+1,7)) | Y23: =IF($W23="","",INDEX('Flow Curves'!$B$5:$B$11,$W23)*POWER($D23,INDEX('Flow Curves'!$C$5:$C$11,$W23))) | Z23: =IF($W23="","",INDEX('Flow Curves'!$B$5:$B$11,$X23)*POWER($D23,INDEX('Flow Curves'!$C$5:$C$11,$X23)))
A24: 17 | N24: =IF($O24=0,0,$O24*60*Cost!$D$16*Cost!$D$17*IFERROR(INDEX(Cost!$I$5:$I$11,MATCH($B24,Cost!$H$5:$H$11,0)),0)/Cost!$D$5) -> 0 | O24: =IF($W24="",0,IF(INDEX('Flow Curves'!$A$5:$A$11,$X24)=INDEX('Flow Curves'!$A$5:$A$11,$W24),$Y24,$Y24+($Z24-$Y24)*(MAX(10,MIN(150,$C24))-INDEX('Flow Curves'!$A$5:$A$11,$W24))/(INDEX('Flow Curves'!$A$5:$A$11,$X24)-INDEX('Flow Curves'!$A$5:$A$11,$W24)))) -> 0 | P24: =IF(OR($B24="Air",$B24="Open Blow"),$O24*60*Cost!$D$16*Cost!$D$17/Cost!$D$5*Cost!$D$13,0) -> 0 | S24: =IF(Cost!$D$6=0.13,"SET PLANT $/kWh ON COST SHEET","Rate set") -> SET PLANT $/kWh ON COST SHEET | U24: =IF($D24="","",IF(ISNA(MATCH($B24,Cost!$H$5:$H$11,0)),"CHECK GAS TYPE",IF(OR($C24<10,$C24>150),"CHECK PRESSURE: outside 10-150 psi table",IF(OR($D24<1,$D24>120),"CHECK dB: outside 1-120 table",IF(ISNA(MATCH($C24,'Flow Curves'!$A$5:$A$11,0)),"INTERPOLATED between curves","Table curve"))))) | W24: =IF(OR($D24="",$C24=""),"",MATCH(MAX(10,MIN(150,$C24)),'Flow Curves'!$A$5:$A$11,1)) | X24: =IF($W24="","",MIN($W24+1,7)) | Y24: =IF($W24="","",INDEX('Flow Curves'!$B$5:$B$11,$W24)*POWER($D24,INDEX('Flow Curves'!$C$5:$C$11,$W24))) | Z24: =IF($W24="","",INDEX('Flow Curves'!$B$5:$B$11,$X24)*POWER($D24,INDEX('Flow Curves'!$C$5:$C$11,$X24)))
A25: 18 | N25: =IF($O25=0,0,$O25*60*Cost!$D$16*Cost!$D$17*IFERROR(INDEX(Cost!$I$5:$I$11,MATCH($B25,Cost!$H$5:$H$11,0)),0)/Cost!$D$5) -> 0 | O25: =IF($W25="",0,IF(INDEX('Flow Curves'!$A$5:$A$11,$X25)=INDEX('Flow Curves'!$A$5:$A$11,$W25),$Y25,$Y25+($Z25-$Y25)*(MAX(10,MIN(150,$C25))-INDEX('Flow Curves'!$A$5:$A$11,$W25))/(INDEX('Flow Curves'!$A$5:$A$11,$X25)-INDEX('Flow Curves'!$A$5:$A$11,$W25)))) -> 0 | P25: =IF(OR($B25="Air",$B25="Open Blow"),$O25*60*Cost!$D$16*Cost!$D$17/Cost!$D$5*Cost!$D$13,0) -> 0 | U25: =IF($D25="","",IF(ISNA(MATCH($B25,Cost!$H$5:$H$11,0)),"CHECK GAS TYPE",IF(OR($C25<10,$C25>150),"CHECK PRESSURE: outside 10-150 psi table",IF(OR($D25<1,$D25>120),"CHECK dB: outside 1-120 table",IF(ISNA(MATCH($C25,'Flow Curves'!$A$5:$A$11,0)),"INTERPOLATED between curves","Table curve"))))) | W25: =IF(OR($D25="",$C25=""),"",MATCH(MAX(10,MIN(150,$C25)),'Flow Curves'!$A$5:$A$11,1)) | X25: =IF($W25="","",MIN($W25+1,7)) | Y25: =IF($W25="","",INDEX('Flow Curves'!$B$5:$B$11,$W25)*POWER($D25,INDEX('Flow Curves'!$C$5:$C$11,$W25))) | Z25: =IF($W25="","",INDEX('Flow Curves'!$B$5:$B$11,$X25)*POWER($D25,INDEX('Flow Curves'!$C$5:$C$11,$X25)))
A26: 19 | N26: =IF($O26=0,0,$O26*60*Cost!$D$16*Cost!$D$17*IFERROR(INDEX(Cost!$I$5:$I$11,MATCH($B26,Cost!$H$5:$H$11,0)),0)/Cost!$D$5) -> 0 | O26: =IF($W26="",0,IF(INDEX('Flow Curves'!$A$5:$A$11,$X26)=INDEX('Flow Curves'!$A$5:$A$11,$W26),$Y26,$Y26+($Z26-$Y26)*(MAX(10,MIN(150,$C26))-INDEX('Flow Curves'!$A$5:$A$11,$W26))/(INDEX('Flow Curves'!$A$5:$A$11,$X26)-INDEX('Flow Curves'!$A$5:$A$11,$W26)))) -> 0 | P26: =IF(OR($B26="Air",$B26="Open Blow"),$O26*60*Cost!$D$16*Cost!$D$17/Cost!$D$5*Cost!$D$13,0) -> 0 | U26: =IF($D26="","",IF(ISNA(MATCH($B26,Cost!$H$5:$H$11,0)),"CHECK GAS TYPE",IF(OR($C26<10,$C26>150),"CHECK PRESSURE: outside 10-150 psi table",IF(OR($D26<1,$D26>120),"CHECK dB: outside 1-120 table",IF(ISNA(MATCH($C26,'Flow Curves'!$A$5:$A$11,0)),"INTERPOLATED between curves","Table curve"))))) | W26: =IF(OR($D26="",$C26=""),"",MATCH(MAX(10,MIN(150,$C26)),'Flow Curves'!$A$5:$A$11,1)) | X26: =IF($W26="","",MIN($W26+1,7)) | Y26: =IF($W26="","",INDEX('Flow Curves'!$B$5:$B$11,$W26)*POWER($D26,INDEX('Flow Curves'!$C$5:$C$11,$W26))) | Z26: =IF($W26="","",INDEX('Flow Curves'!$B$5:$B$11,$X26)*POWER($D26,INDEX('Flow Curves'!$C$5:$C$11,$X26)))
A27: 20 | N27: =IF($O27=0,0,$O27*60*Cost!$D$16*Cost!$D$17*IFERROR(INDEX(Cost!$I$5:$I$11,MATCH($B27,Cost!$H$5:$H$11,0)),0)/Cost!$D$5) -> 0 | O27: =IF($W27="",0,IF(INDEX('Flow Curves'!$A$5:$A$11,$X27)=INDEX('Flow Curves'!$A$5:$A$11,$W27),$Y27,$Y27+($Z27-$Y27)*(MAX(10,MIN(150,$C27))-INDEX('Flow Curves'!$A$5:$A$11,$W27))/(INDEX('Flow Curves'!$A$5:$A$11,$X27)-INDEX('Flow Curves'!$A$5:$A$11,$W27)))) -> 0 | P27: =IF(OR($B27="Air",$B27="Open Blow"),$O27*60*Cost!$D$16*Cost!$D$17/Cost!$D$5*Cost!$D$13,0) -> 0 | U27: =IF($D27="","",IF(ISNA(MATCH($B27,Cost!$H$5:$H$11,0)),"CHECK GAS TYPE",IF(OR($C27<10,$C27>150),"CHECK PRESSURE: outside 10-150 psi table",IF(OR($D27<1,$D27>120),"CHECK dB: outside 1-120 table",IF(ISNA(MATCH($C27,'Flow Curves'!$A$5:$A$11,0)),"INTERPOLATED between curves","Table curve"))))) | W27: =IF(OR($D27="",$C27=""),"",MATCH(MAX(10,MIN(150,$C27)),'Flow Curves'!$A$5:$A$11,1)) | X27: =IF($W27="","",MIN($W27+1,7)) | Y27: =IF($W27="","",INDEX('Flow Curves'!$B$5:$B$11,$W27)*POWER($D27,INDEX('Flow Curves'!$C$5:$C$11,$W27))) | Z27: =IF($W27="","",INDEX('Flow Curves'!$B$5:$B$11,$X27)*POWER($D27,INDEX('Flow Curves'!$C$5:$C$11,$X27)))
A28: 21 | N28: =IF($O28=0,0,$O28*60*Cost!$D$16*Cost!$D$17*IFERROR(INDEX(Cost!$I$5:$I$11,MATCH($B28,Cost!$H$5:$H$11,0)),0)/Cost!$D$5) -> 0 | O28: =IF($W28="",0,IF(INDEX('Flow Curves'!$A$5:$A$11,$X28)=INDEX('Flow Curves'!$A$5:$A$11,$W28),$Y28,$Y28+($Z28-$Y28)*(MAX(10,MIN(150,$C28))-INDEX('Flow Curves'!$A$5:$A$11,$W28))/(INDEX('Flow Curves'!$A$5:$A$11,$X28)-INDEX('Flow Curves'!$A$5:$A$11,$W28)))) -> 0 | P28: =IF(OR($B28="Air",$B28="Open Blow"),$O28*60*Cost!$D$16*Cost!$D$17/Cost!$D$5*Cost!$D$13,0) -> 0 | U28: =IF($D28="","",IF(ISNA(MATCH($B28,Cost!$H$5:$H$11,0)),"CHECK GAS TYPE",IF(OR($C28<10,$C28>150),"CHECK PRESSURE: outside 10-150 psi table",IF(OR($D28<1,$D28>120),"CHECK dB: outside 1-120 table",IF(ISNA(MATCH($C28,'Flow Curves'!$A$5:$A$11,0)),"INTERPOLATED between curves","Table curve"))))) | W28: =IF(OR($D28="",$C28=""),"",MATCH(MAX(10,MIN(150,$C28)),'Flow Curves'!$A$5:$A$11,1)) | X28: =IF($W28="","",MIN($W28+1,7)) | Y28: =IF($W28="","",INDEX('Flow Curves'!$B$5:$B$11,$W28)*POWER($D28,INDEX('Flow Curves'!$C$5:$C$11,$W28))) | Z28: =IF($W28="","",INDEX('Flow Curves'!$B$5:$B$11,$X28)*POWER($D28,INDEX('Flow Curves'!$C$5:$C$11,$X28)))
A29: 22 | N29: =IF($O29=0,0,$O29*60*Cost!$D$16*Cost!$D$17*IFERROR(INDEX(Cost!$I$5:$I$11,MATCH($B29,Cost!$H$5:$H$11,0)),0)/Cost!$D$5) -> 0 | O29: =IF($W29="",0,IF(INDEX('Flow Curves'!$A$5:$A$11,$X29)=INDEX('Flow Curves'!$A$5:$A$11,$W29),$Y29,$Y29+($Z29-$Y29)*(MAX(10,MIN(150,$C29))-INDEX('Flow Curves'!$A$5:$A$11,$W29))/(INDEX('Flow Curves'!$A$5:$A$11,$X29)-INDEX('Flow Curves'!$A$5:$A$11,$W29)))) -> 0 | P29: =IF(OR($B29="Air",$B29="Open Blow"),$O29*60*Cost!$D$16*Cost!$D$17/Cost!$D$5*Cost!$D$13,0) -> 0 | U29: =IF($D29="","",IF(ISNA(MATCH($B29,Cost!$H$5:$H$11,0)),"CHECK GAS TYPE",IF(OR($C29<10,$C29>150),"CHECK PRESSURE: outside 10-150 psi table",IF(OR($D29<1,$D29>120),"CHECK dB: outside 1-120 table",IF(ISNA(MATCH($C29,'Flow Curves'!$A$5:$A$11,0)),"INTERPOLATED between curves","Table curve"))))) | W29: =IF(OR($D29="",$C29=""),"",MATCH(MAX(10,MIN(150,$C29)),'Flow Curves'!$A$5:$A$11,1)) | X29: =IF($W29="","",MIN($W29+1,7)) | Y29: =IF($W29="","",INDEX('Flow Curves'!$B$5:$B$11,$W29)*POWER($D29,INDEX('Flow Curves'!$C$5:$C$11,$W29))) | Z29: =IF($W29="","",INDEX('Flow Curves'!$B$5:$B$11,$X29)*POWER($D29,INDEX('Flow Curves'!$C$5:$C$11,$X29)))
A30: 23 | N30: =IF($O30=0,0,$O30*60*Cost!$D$16*Cost!$D$17*IFERROR(INDEX(Cost!$I$5:$I$11,MATCH($B30,Cost!$H$5:$H$11,0)),0)/Cost!$D$5) -> 0 | O30: =IF($W30="",0,IF(INDEX('Flow Curves'!$A$5:$A$11,$X30)=INDEX('Flow Curves'!$A$5:$A$11,$W30),$Y30,$Y30+($Z30-$Y30)*(MAX(10,MIN(150,$C30))-INDEX('Flow Curves'!$A$5:$A$11,$W30))/(INDEX('Flow Curves'!$A$5:$A$11,$X30)-INDEX('Flow Curves'!$A$5:$A$11,$W30)))) -> 0 | P30: =IF(OR($B30="Air",$B30="Open Blow"),$O30*60*Cost!$D$16*Cost!$D$17/Cost!$D$5*Cost!$D$13,0) -> 0 | U30: =IF($D30="","",IF(ISNA(MATCH($B30,Cost!$H$5:$H$11,0)),"CHECK GAS TYPE",IF(OR($C30<10,$C30>150),"CHECK PRESSURE: outside 10-150 psi table",IF(OR($D30<1,$D30>120),"CHECK dB: outside 1-120 table",IF(ISNA(MATCH($C30,'Flow Curves'!$A$5:$A$11,0)),"INTERPOLATED between curves","Table curve"))))) | W30: =IF(OR($D30="",$C30=""),"",MATCH(MAX(10,MIN(150,$C30)),'Flow Curves'!$A$5:$A$11,1)) | X30: =IF($W30="","",MIN($W30+1,7)) | Y30: =IF($W30="","",INDEX('Flow Curves'!$B$5:$B$11,$W30)*POWER($D30,INDEX('Flow Curves'!$C$5:$C$11,$W30))) | Z30: =IF($W30="","",INDEX('Flow Curves'!$B$5:$B$11,$X30)*POWER($D30,INDEX('Flow Curves'!$C$5:$C$11,$X30)))
A31: 24 | N31: =IF($O31=0,0,$O31*60*Cost!$D$16*Cost!$D$17*IFERROR(INDEX(Cost!$I$5:$I$11,MATCH($B31,Cost!$H$5:$H$11,0)),0)/Cost!$D$5) -> 0 | O31: =IF($W31="",0,IF(INDEX('Flow Curves'!$A$5:$A$11,$X31)=INDEX('Flow Curves'!$A$5:$A$11,$W31),$Y31,$Y31+($Z31-$Y31)*(MAX(10,MIN(150,$C31))-INDEX('Flow Curves'!$A$5:$A$11,$W31))/(INDEX('Flow Curves'!$A$5:$A$11,$X31)-INDEX('Flow Curves'!$A$5:$A$11,$W31)))) -> 0 | P31: =IF(OR($B31="Air",$B31="Open Blow"),$O31*60*Cost!$D$16*Cost!$D$17/Cost!$D$5*Cost!$D$13,0) -> 0 | U31: =IF($D31="","",IF(ISNA(MATCH($B31,Cost!$H$5:$H$11,0)),"CHECK GAS TYPE",IF(OR($C31<10,$C31>150),"CHECK PRESSURE: outside 10-150 psi table",IF(OR($D31<1,$D31>120),"CHECK dB: outside 1-120 table",IF(ISNA(MATCH($C31,'Flow Curves'!$A$5:$A$11,0)),"INTERPOLATED between curves","Table curve"))))) | W31: =IF(OR($D31="",$C31=""),"",MATCH(MAX(10,MIN(150,$C31)),'Flow Curves'!$A$5:$A$11,1)) | X31: =IF($W31="","",MIN($W31+1,7)) | Y31: =IF($W31="","",INDEX('Flow Curves'!$B$5:$B$11,$W31)*POWER($D31,INDEX('Flow Curves'!$C$5:$C$11,$W31))) | Z31: =IF($W31="","",INDEX('Flow Curves'!$B$5:$B$11,$X31)*POWER($D31,INDEX('Flow Curves'!$C$5:$C$11,$X31)))
A32: 25 | N32: =IF($O32=0,0,$O32*60*Cost!$D$16*Cost!$D$17*IFERROR(INDEX(Cost!$I$5:$I$11,MATCH($B32,Cost!$H$5:$H$11,0)),0)/Cost!$D$5) -> 0 | O32: =IF($W32="",0,IF(INDEX('Flow Curves'!$A$5:$A$11,$X32)=INDEX('Flow Curves'!$A$5:$A$11,$W32),$Y32,$Y32+($Z32-$Y32)*(MAX(10,MIN(150,$C32))-INDEX('Flow Curves'!$A$5:$A$11,$W32))/(INDEX('Flow Curves'!$A$5:$A$11,$X32)-INDEX('Flow Curves'!$A$5:$A$11,$W32)))) -> 0 | P32: =IF(OR($B32="Air",$B32="Open Blow"),$O32*60*Cost!$D$16*Cost!$D$17/Cost!$D$5*Cost!$D$13,0) -> 0 | U32: =IF($D32="","",IF(ISNA(MATCH($B32,Cost!$H$5:$H$11,0)),"CHECK GAS TYPE",IF(OR($C32<10,$C32>150),"CHECK PRESSURE: outside 10-150 psi table",IF(OR($D32<1,$D32>120),"CHECK dB: outside 1-120 table",IF(ISNA(MATCH($C32,'Flow Curves'!$A$5:$A$11,0)),"INTERPOLATED between curves","Table curve"))))) | W32: =IF(OR($D32="",$C32=""),"",MATCH(MAX(10,MIN(150,$C32)),'Flow Curves'!$A$5:$A$11,1)) | X32: =IF($W32="","",MIN($W32+1,7)) | Y32: =IF($W32="","",INDEX('Flow Curves'!$B$5:$B$11,$W32)*POWER($D32,INDEX('Flow Curves'!$C$5:$C$11,$W32))) | Z32: =IF($W32="","",INDEX('Flow Curves'!$B$5:$B$11,$X32)*POWER($D32,INDEX('Flow Curves'!$C$5:$C$11,$X32)))
A33: 26 | N33: =IF($O33=0,0,$O33*60*Cost!$D$16*Cost!$D$17*IFERROR(INDEX(Cost!$I$5:$I$11,MATCH($B33,Cost!$H$5:$H$11,0)),0)/Cost!$D$5) -> 0 | O33: =IF($W33="",0,IF(INDEX('Flow Curves'!$A$5:$A$11,$X33)=INDEX('Flow Curves'!$A$5:$A$11,$W33),$Y33,$Y33+($Z33-$Y33)*(MAX(10,MIN(150,$C33))-INDEX('Flow Curves'!$A$5:$A$11,$W33))/(INDEX('Flow Curves'!$A$5:$A$11,$X33)-INDEX('Flow Curves'!$A$5:$A$11,$W33)))) -> 0 | P33: =IF(OR($B33="Air",$B33="Open Blow"),$O33*60*Cost!$D$16*Cost!$D$17/Cost!$D$5*Cost!$D$13,0) -> 0 | U33: =IF($D33="","",IF(ISNA(MATCH($B33,Cost!$H$5:$H$11,0)),"CHECK GAS TYPE",IF(OR($C33<10,$C33>150),"CHECK PRESSURE: outside 10-150 psi table",IF(OR($D33<1,$D33>120),"CHECK dB: outside 1-120 table",IF(ISNA(MATCH($C33,'Flow Curves'!$A$5:$A$11,0)),"INTERPOLATED between curves","Table curve"))))) | W33: =IF(OR($D33="",$C33=""),"",MATCH(MAX(10,MIN(150,$C33)),'Flow Curves'!$A$5:$A$11,1)) | X33: =IF($W33="","",MIN($W33+1,7)) | Y33: =IF($W33="","",INDEX('Flow Curves'!$B$5:$B$11,$W33)*POWER($D33,INDEX('Flow Curves'!$C$5:$C$11,$W33))) | Z33: =IF($W33="","",INDEX('Flow Curves'!$B$5:$B$11,$X33)*POWER($D33,INDEX('Flow Curves'!$C$5:$C$11,$X33)))
A34: 27 | N34: =IF($O34=0,0,$O34*60*Cost!$D$16*Cost!$D$17*IFERROR(INDEX(Cost!$I$5:$I$11,MATCH($B34,Cost!$H$5:$H$11,0)),0)/Cost!$D$5) -> 0 | O34: =IF($W34="",0,IF(INDEX('Flow Curves'!$A$5:$A$11,$X34)=INDEX('Flow Curves'!$A$5:$A$11,$W34),$Y34,$Y34+($Z34-$Y34)*(MAX(10,MIN(150,$C34))-INDEX('Flow Curves'!$A$5:$A$11,$W34))/(INDEX('Flow Curves'!$A$5:$A$11,$X34)-INDEX('Flow Curves'!$A$5:$A$11,$W34)))) -> 0 | P34: =IF(OR($B34="Air",$B34="Open Blow"),$O34*60*Cost!$D$16*Cost!$D$17/Cost!$D$5*Cost!$D$13,0) -> 0 | U34: =IF($D34="","",IF(ISNA(MATCH($B34,Cost!$H$5:$H$11,0)),"CHECK GAS TYPE",IF(OR($C34<10,$C34>150),"CHECK PRESSURE: outside 10-150 psi table",IF(OR($D34<1,$D34>120),"CHECK dB: outside 1-120 table",IF(ISNA(MATCH($C34,'Flow Curves'!$A$5:$A$11,0)),"INTERPOLATED between curves","Table curve"))))) | W34: =IF(OR($D34="",$C34=""),"",MATCH(MAX(10,MIN(150,$C34)),'Flow Curves'!$A$5:$A$11,1)) | X34: =IF($W34="","",MIN($W34+1,7)) | Y34: =IF($W34="","",INDEX('Flow Curves'!$B$5:$B$11,$W34)*POWER($D34,INDEX('Flow Curves'!$C$5:$C$11,$W34))) | Z34: =IF($W34="","",INDEX('Flow Curves'!$B$5:$B$11,$X34)*POWER($D34,INDEX('Flow Curves'!$C$5:$C$11,$X34)))
A35: 28 | N35: =IF($O35=0,0,$O35*60*Cost!$D$16*Cost!$D$17*IFERROR(INDEX(Cost!$I$5:$I$11,MATCH($B35,Cost!$H$5:$H$11,0)),0)/Cost!$D$5) -> 0 | O35: =IF($W35="",0,IF(INDEX('Flow Curves'!$A$5:$A$11,$X35)=INDEX('Flow Curves'!$A$5:$A$11,$W35),$Y35,$Y35+($Z35-$Y35)*(MAX(10,MIN(150,$C35))-INDEX('Flow Curves'!$A$5:$A$11,$W35))/(INDEX('Flow Curves'!$A$5:$A$11,$X35)-INDEX('Flow Curves'!$A$5:$A$11,$W35)))) -> 0 | P35: =IF(OR($B35="Air",$B35="Open Blow"),$O35*60*Cost!$D$16*Cost!$D$17/Cost!$D$5*Cost!$D$13,0) -> 0 | U35: =IF($D35="","",IF(ISNA(MATCH($B35,Cost!$H$5:$H$11,0)),"CHECK GAS TYPE",IF(OR($C35<10,$C35>150),"CHECK PRESSURE: outside 10-150 psi table",IF(OR($D35<1,$D35>120),"CHECK dB: outside 1-120 table",IF(ISNA(MATCH($C35,'Flow Curves'!$A$5:$A$11,0)),"INTERPOLATED between curves","Table curve"))))) | W35: =IF(OR($D35="",$C35=""),"",MATCH(MAX(10,MIN(150,$C35)),'Flow Curves'!$A$5:$A$11,1)) | X35: =IF($W35="","",MIN($W35+1,7)) | Y35: =IF($W35="","",INDEX('Flow Curves'!$B$5:$B$11,$W35)*POWER($D35,INDEX('Flow Curves'!$C$5:$C$11,$W35))) | Z35: =IF($W35="","",INDEX('Flow Curves'!$B$5:$B$11,$X35)*POWER($D35,INDEX('Flow Curves'!$C$5:$C$11,$X35)))
A36: 29 | N36: =IF($O36=0,0,$O36*60*Cost!$D$16*Cost!$D$17*IFERROR(INDEX(Cost!$I$5:$I$11,MATCH($B36,Cost!$H$5:$H$11,0)),0)/Cost!$D$5) -> 0 | O36: =IF($W36="",0,IF(INDEX('Flow Curves'!$A$5:$A$11,$X36)=INDEX('Flow Curves'!$A$5:$A$11,$W36),$Y36,$Y36+($Z36-$Y36)*(MAX(10,MIN(150,$C36))-INDEX('Flow Curves'!$A$5:$A$11,$W36))/(INDEX('Flow Curves'!$A$5:$A$11,$X36)-INDEX('Flow Curves'!$A$5:$A$11,$W36)))) -> 0 | P36: =IF(OR($B36="Air",$B36="Open Blow"),$O36*60*Cost!$D$16*Cost!$D$17/Cost!$D$5*Cost!$D$13,0) -> 0 | U36: =IF($D36="","",IF(ISNA(MATCH($B36,Cost!$H$5:$H$11,0)),"CHECK GAS TYPE",IF(OR($C36<10,$C36>150),"CHECK PRESSURE: outside 10-150 psi table",IF(OR($D36<1,$D36>120),"CHECK dB: outside 1-120 table",IF(ISNA(MATCH($C36,'Flow Curves'!$A$5:$A$11,0)),"INTERPOLATED between curves","Table curve"))))) | W36: =IF(OR($D36="",$C36=""),"",MATCH(MAX(10,MIN(150,$C36)),'Flow Curves'!$A$5:$A$11,1)) | X36: =IF($W36="","",MIN($W36+1,7)) | Y36: =IF($W36="","",INDEX('Flow Curves'!$B$5:$B$11,$W36)*POWER($D36,INDEX('Flow Curves'!$C$5:$C$11,$W36))) | Z36: =IF($W36="","",INDEX('Flow Curves'!$B$5:$B$11,$X36)*POWER($D36,INDEX('Flow Curves'!$C$5:$C$11,$X36)))
... A500: 493 | N500: =IF($O500=0,0,$O500*60*Cost!$D$16*Cost!$D$17*IFERROR(INDEX(Cost!$I$5:$I$11,MATCH($B500,Cost!$H$5:$H$11,0)),0)/Cost!$D$5) -> 0 | O500: =IF($W500="",0,IF(INDEX('Flow Curves'!$A$5:$A$11,$X500)=INDEX('Flow Curves'!$A$5:$A$11,$W500),$Y500,$Y500+($Z500-$Y500)*(MAX(10,MIN(150,$C500))-INDEX('Flow Curves'!$A$5:$A$11,$W500))/(INDEX('Flow Curves'!$A$5:$A$11,$X500)-INDEX('Flow Curves'!$A$5:$A$11,$W500)))) -> 0 | P500: =IF(OR($B500="Air",$B500="Open Blow"),$O500*60*Cost!$D$16*Cost!$D$17/Cost!$D$5*Cost!$D$13,0) -> 0 | U500: =IF($D500="","",IF(ISNA(MATCH($B500,Cost!$H$5:$H$11,0)),"CHECK GAS TYPE",IF(OR($C500<10,$C500>150),"CHECK PRESSURE: outside 10-150 psi table",IF(OR($D500<1,$D500>120),"CHECK dB: outside 1-120 table",IF(ISNA(MATCH($C500,'Flow Curves'!$A$5:$A$11,0)),"INTERPOLATED between curves","Table curve"))))) | W500: =IF(OR($D500="",$C500=""),"",MATCH(MAX(10,MIN(150,$C500)),'Flow Curves'!$A$5:$A$11,1)) | X500: =IF($W500="","",MIN($W500+1,7)) | Y500: =IF($W500="","",INDEX('Flow Curves'!$B$5:$B$11,$W500)*POWER($D500,INDEX('Flow Curves'!$C$5:$C$11,$W500))) | Z500: =IF($W500="","",INDEX('Flow Curves'!$B$5:$B$11,$X500)*POWER($D500,INDEX('Flow Curves'!$C$5:$C$11,$X500)))

Sheet Flow Curves
A1: UE Systems Ultraprobe Compressed Gas Loss Guess-Timator, (c) 2008 UE Systems Inc.
A2: CFM = a x dB^b. Values are a general guideline, not a measured flow (UE Systems notice). Readings compensated for atmospheric pressure; probe held 15 in from the leak.
A4: Pressure (psi) | B4: a | C4: b
A5: 10 | B5: 0.0004 | C5: 2.0766
A6: 25 | B6: 0.001 | C6: 1.9185
A7: 50 | B7: 0.0031 | C7: 1.6865
A8: 75 | B8: 0.0082 | C8: 1.4978
A9: 100 | B9: 0.014 | C9: 1.4004
A10: 125 | B10: 0.02 | C10: 1.3399
A11: 150 | B11: 0.0297 | C11: 1.2712
